Elongation,UTS,Conductivity
10.876739501953125,10.853731155395508,60.85857009887695
